index,pred,true,p_0,p_1,p_2,p_3,p_4,p_5
3000,0,benign,1.0,3.9635311634318715e-13,1.654637711567819e-11,2.6808689816693043e-12,3.142597054640677e-16,1.5194454202206964e-17
