index,pred,true,p_0,p_1,p_2,p_3,p_4,p_5
35356,1,bruteForce,0.009647222235798836,0.9739248156547546,0.014801614917814732,0.00017299246974289417,5.584645623457618e-05,0.0013975551119074225
