round,macro_f1_weighted,macro_precision_weighted,macro_recall_weighted
1,0.6342291331172637,0.7509496202932535,0.6513972546948829
