{
  "explained_variance_ratio": [
    0.9249907510395572,
    0.06711107086454139,
    0.003471863578179773,
    0.0018096849405885558,
    0.0005430300423798544,
    0.00047671124429163596,
    0.0003854044368416101,
    0.00023455633135205755,
    0.00021907008497890242,
    0.00018780376060666465
  ],
  "explained_variance_ratio_sum_2": 0.9921018219040986
}