index,pred,true,p_0,p_1,p_2,p_3,p_4,p_5
2,0,benign,1.0,8.520396302565125e-13,1.2571235608049847e-08,7.233156348179781e-12,6.723191669933e-16,4.765706387044132e-18
