index,pred,true,p_0,p_1,p_2,p_3,p_4,p_5
987,0,benign,0.9994100332260132,0.00014696791185997427,0.0004211241321172565,1.858992618508637e-05,3.138204874630901e-06,1.2963027984369546e-07
