round,macro_f1_weighted,macro_precision_weighted,macro_recall_weighted
1,0.40561961677560915,0.5641560514727958,0.5396053371746611
