index,pred,true,p_0,p_1,p_2,p_3,p_4,p_5
35357,1,bruteForce,0.16423694789409637,0.6793203949928284,0.07883881032466888,0.019584856927394867,0.019179437309503555,0.038839567452669144
