round,macro_f1_weighted,macro_precision_weighted,macro_recall_weighted
1,0.34260098682563805,0.2641858996423454,0.519304893711885
