round,macro_f1_weighted,macro_precision_weighted,macro_recall_weighted
1,0.43412877951173157,0.572151622598575,0.5503709010643523
