index,pred,true,p_0,p_1,p_2,p_3,p_4,p_5
564,0,benign,0.7167672514915466,0.04723450541496277,0.08251737803220749,0.028803717344999313,0.11651897430419922,0.008158267475664616
