client,n,percent
client_1,51838,25.292874882288935
client_2,81389,39.71144322301428
client_3,71724,34.99568189469678
