round,macro_f1_weighted,macro_precision_weighted,macro_recall_weighted
1,0.45678120952799717,0.5143362687836808,0.5235047161687153
