index,pred,true,p_0,p_1,p_2,p_3,p_4,p_5
69,0,benign,0.9966589212417603,7.395962256850908e-06,0.00331114255823195,2.198042784584686e-05,4.190421236671682e-07,5.5259228304294084e-08
