index,pred,true,p_0,p_1,p_2,p_3,p_4,p_5
0,0,benign,0.8980126976966858,0.00035529211163520813,0.09993831813335419,0.0015593827702105045,0.00011906086001545191,1.526635060145054e-05
