round,macro_f1_weighted,macro_precision_weighted,macro_recall_weighted
1,0.3963581883648709,0.4604452508796879,0.5384587694543707
